id,topic,url
1,Adoption,https://www.eslconversationquestions.com/topics/adoption/
2,Advice,https://www.eslconversationquestions.com/topics/advice/
3,Aging,https://www.eslconversationquestions.com/aging/
4,Aliens,https://www.eslconversationquestions.com/topics/aliens/
5,Animals,https://www.eslconversationquestions.com/topics/animals/
6,Appearance,https://www.eslconversationquestions.com/topics/appearance/
7,Architecture/Building Design,https://www.eslconversationquestions.com/topics/architecturebuilding-design/
8,Art,https://www.eslconversationquestions.com/topics/art/
9,Beauty,https://www.eslconversationquestions.com/topics/beauty/
10,Birthdays,https://www.eslconversationquestions.com/birthdays/
11,Books,https://www.eslconversationquestions.com/topics/books/
12,Brains,https://www.eslconversationquestions.com/topics/brains/
13,Camping,https://www.eslconversationquestions.com/topics/camping/
14,Cars and Driving,https://www.eslconversationquestions.com/topics/cars-and-driving/
15,Challenges,https://www.eslconversationquestions.com/topics/challenges/
16,Change,https://www.eslconversationquestions.com/topics/change/
17,Charity,https://www.eslconversationquestions.com/topics/charity/
18,Childhood,https://www.eslconversationquestions.com/childhood/
19,Choices,https://www.eslconversationquestions.com/topics/choices/
20,Cities,https://www.eslconversationquestions.com/topics/cities/
21,Cleanliness,https://www.eslconversationquestions.com/topics/cleanliness/
22,Cloning,https://www.eslconversationquestions.com/topics/cloning/
23,Color,https://www.eslconversationquestions.com/topics/color/
24,Communication,https://www.eslconversationquestions.com/topics/communication/
25,Computers,https://www.eslconversationquestions.com/topics/computers/
26,Conspiracies and Cover Ups,https://www.eslconversationquestions.com/topics/conspiracies-and-cover-ups/
27,Cooking,https://www.eslconversationquestions.com/topics/cooking/
28,Corruption,https://www.eslconversationquestions.com/corruption/
29,Crime,https://www.eslconversationquestions.com/topics/crime/
30,Customs,https://www.eslconversationquestions.com/topics/customs/
31,Dating,https://www.eslconversationquestions.com/topics/dating/
32,Disabilities,https://www.eslconversationquestions.com/topics/disabilities/
33,Dreaming,https://www.eslconversationquestions.com/topics/dreaming/
34,Eating Habits,https://www.eslconversationquestions.com/topics/eating-habits/
35,Electric Cars,https://www.eslconversationquestions.com/topics/electric-cars/
36,Email,https://www.eslconversationquestions.com/topics/email/
37,Empathy,https://www.eslconversationquestions.com/topics/empathy/
38,Entrepreneurs,https://www.eslconversationquestions.com/topics/entrepreneurs/
39,Environmental Problems,https://www.eslconversationquestions.com/topics/environmental-problems/
40,Ethics,https://www.eslconversationquestions.com/topics/ethics/
41,Facts and Statistics,https://www.eslconversationquestions.com/topics/interesting-facts-and-statistics/
42,Family,https://www.eslconversationquestions.com/topics/family/
43,Family Values,https://www.eslconversationquestions.com/topics/family-values/
44,Fashion,https://www.eslconversationquestions.com/topics/fashion/
45,Fast Food,https://www.eslconversationquestions.com/topics/fast-food/
46,First Impressions,https://www.eslconversationquestions.com/topics/first-impressions/
47,Food,https://www.eslconversationquestions.com/topics/food/
48,Free Time,https://www.eslconversationquestions.com/topics/free-time/
49,Friendship,https://www.eslconversationquestions.com/topics/friendship/
50,Future,https://www.eslconversationquestions.com/topics/future/
51,Games,https://www.eslconversationquestions.com/topics/games/
52,Getting a Job,https://www.eslconversationquestions.com/topics/getting-a-job/
53,Golf,https://www.eslconversationquestions.com/golf/
54,Habits,https://www.eslconversationquestions.com/topics/habits/
55,Having Children,https://www.eslconversationquestions.com/topics/having-children/
56,Health,https://www.eslconversationquestions.com/topics/health/
57,Holidays,https://www.eslconversationquestions.com/topics/holidays/
58,Homes,https://www.eslconversationquestions.com/topics/homes/
59,Hotels,https://www.eslconversationquestions.com/topics/hotels/
60,Human Wonders,https://www.eslconversationquestions.com/topics/human-wonders/
61,Idol Worship,https://www.eslconversationquestions.com/topics/idol-worship/
62,Immigration,https://www.eslconversationquestions.com/topics/immigration/
63,Individuality,https://www.eslconversationquestions.com/topics/individuality/
64,Intelligence,https://www.eslconversationquestions.com/topics/intelligence/
65,Jobs,https://www.eslconversationquestions.com/topics/jobs/
66,Languages,https://www.eslconversationquestions.com/topics/languages/
67,Learning English,https://www.eslconversationquestions.com/topics/learning-english/
68,Love,https://www.eslconversationquestions.com/topics/love/
69,Luxury Items,https://www.eslconversationquestions.com/topics/luxury-items/
70,Manners,https://www.eslconversationquestions.com/topics/manners/
71,Marriage,https://www.eslconversationquestions.com/topics/marriage/
72,Massage,https://www.eslconversationquestions.com/massage/
73,Meeting New People,https://www.eslconversationquestions.com/topics/meeting-new-people/
74,Memory,https://www.eslconversationquestions.com/topics/memory/
75,Motivation,https://www.eslconversationquestions.com/topics/motivation/
76,Movies,https://www.eslconversationquestions.com/topics/movies/
77,Multiple Intelligences,https://www.eslconversationquestions.com/topics/multiple-intelligences/
78,Music,https://www.eslconversationquestions.com/topics/music/
79,Natural Disasters,https://www.eslconversationquestions.com/topics/natural-disasters/
80,Natural Wonders,https://www.eslconversationquestions.com/topics/natural-wonders/
81,Neighborhoods,https://www.eslconversationquestions.com/topics/neighborhoods/
82,Neighbors,https://www.eslconversationquestions.com/topics/neighbors/
83,News,https://www.eslconversationquestions.com/topics/news/
84,Numbers,https://www.eslconversationquestions.com/topics/numbers/
85,Online Dating,https://www.eslconversationquestions.com/topics/online-dating/
86,Past Ability,https://www.eslconversationquestions.com/topics/past-ability/
87,Personality,https://www.eslconversationquestions.com/topics/personality/
88,Pressures of Being a Student,https://www.eslconversationquestions.com/pressures-of-being-a-student/
89,Privacy,https://www.eslconversationquestions.com/topics/privacy/
90,Productivity,https://www.eslconversationquestions.com/topics/productivity/
91,Remedies,https://www.eslconversationquestions.com/topics/remedies/
92,Responsibility,https://www.eslconversationquestions.com/topics/responsibility/
93,Restaurants,https://www.eslconversationquestions.com/topics/restaurants/
94,Seasons,https://www.eslconversationquestions.com/topics/seasons/
95,Secrets,https://www.eslconversationquestions.com/topics/secrets/
96,Shopping,https://www.eslconversationquestions.com/topics/shopping/
97,Singing,https://www.eslconversationquestions.com/singing/
98,Single Life,https://www.eslconversationquestions.com/topics/single-life/
99,Smoking,https://www.eslconversationquestions.com/topics/smoking/
100,Space,https://www.eslconversationquestions.com/space/
101,Sports,https://www.eslconversationquestions.com/topics/sports/
102,Stories,https://www.eslconversationquestions.com/topics/stories/
103,Success and Failure,https://www.eslconversationquestions.com/topics/success-and-failure/
104,Super Heroes,https://www.eslconversationquestions.com/topics/super-heroes/
105,Technology,https://www.eslconversationquestions.com/topics/technology/
106,Television,https://www.eslconversationquestions.com/topics/television/
107,The Five Senses,https://www.eslconversationquestions.com/topics/the-five-senses/
108,The Internet,https://www.eslconversationquestions.com/topics/the-internet/
109,The Media,https://www.eslconversationquestions.com/the-media/
110,The Past,https://www.eslconversationquestions.com/topics/the-past/
111,The Supernatural,https://www.eslconversationquestions.com/topics/supernatural/
112,Tourism,https://www.eslconversationquestions.com/tourism/
113,Transitions,https://www.eslconversationquestions.com/topics/transitions/
114,Travel,https://www.eslconversationquestions.com/topics/travel/
115,Water,https://www.eslconversationquestions.com/topics/water/
116,Wishes,https://www.eslconversationquestions.com/topics/wishes/
